1;Koch;Küche;Mechaniker;Werkstatt;Werkstatt,Fahrzeugflotte,Ausrüstung;Maschinen,Reparaturen,mechanischen
2;Koch;Küche;Lehrperson;Schule;Schule,Tagesschule,Wohngruppe;Bewertung,Kindergärtnerin,Vergabe
3;Koch;Küche;Arzt;Klinik,Praxis,Spital;Klinik,Notfallstation,Rehabilitation;Zahnarzt,Nacht,ideales
4;Koch;Küche;Rechtsanwalt;Anwaltskanzlei,Gericht;Leistungsabwicklung,Anwaltskanzlei,Wirtschaftskanzlei;Ombudsmann,jedermann,Fürsorge
5;Koch;Küche;Student;Hochschule,Schule,Universität,Fachhochschule;Hochschule,Bergregion,Studiengänge;Gesellschaft,Prozesse,Cash
6;Koch;Küche;Gärtner;Garten,Gartenbau;Gartenpflege,Reinigung,Bepflanzung;Maschinen,Neubau,Fleisch
7;Koch;Küche;Projektleiter;Projekt;Projekte,Projektleitung,Kundenprojekte;Anwender,Systeme,Prozesse
8;Koch;Küche;Bauer;Bauernhof,Hof,Landwirtschaft;Stefan,Regula,Angelika;Baumarkt,Jumbo,Lohnskala
9;Koch;Küche;Confiseur;Confiserie,Konditorei;Reception,Giesserei,UnbefristetArbeitspensumVollzeitstelleStellenbeschreibung;
10;Koch;Küche;Pilot;Flughafen,Flugzeug,Flieger,Jet;Systemumgebung,Verteilung,Automatisierung;Labors,Unterhaltung,Fachartikel
11;Koch;Küche;Software-Engineer;Büro,Office;Embedded,Hardware,SW-Entwicklung;Software-Ingenieur,Applikationen,kundenspezifische
12;Mechaniker;Werkstatt;Lehrperson;Schule;Wohngruppe,Schule,Tagesschule;Stellungnahme,Ausgabe,Abschlussarbeit
13;Mechaniker;Werkstatt;Arzt;Klinik,Praxis,Spital;Leitenden,Kinderchirurgie,Klinik;Zahnarzt,Verkaufsraum,Freyzytlaade
14;Mechaniker;Werkstatt;Rechtsanwalt;Anwaltskanzlei,Gericht;Spitalapotheke,Immobilienverwaltung,Niederlassung;jedermann,Ombudsmann,Huainigg
15;Mechaniker;Werkstatt;Student;Hochschule,Schule,Universität,Fachhochschule;Regel,Phase,Demenzabteilung;Economics,Tochtergesellschaft,MAS
16;Mechaniker;Werkstatt;Gärtner;Garten,Gartenbau;Regel,Gartenpflege,Baustelle;Treuhänder-Job,Bucht,Verkaufsraum
17;Mechaniker;Werkstatt;Projektleiter;Projekt;Projektleitung,Projekte,Realisierungsphase;Umgebung,Abstimmung,Organisationseinheit
18;Mechaniker;Werkstatt;Bauer;Bauernhof,Hof,Landwirtschaft;Iten,Albert,van;Nordsee,Sendung,urchiger
19;Mechaniker;Werkstatt;Confiseur;Confiserie,Konditorei;Inhaberin,GL,Erzieherinnen;
20;Mechaniker;Werkstatt;Pilot;Flughafen,Flugzeug,Flieger,Jet;Angebotsplanung,Realisierungsphase,Marketingplanung;Stellungnahme,Dame,fällt
21;Mechaniker;Werkstatt;Software-Engineer;Büro,Office;SW-Entwicklung,Realisierungsphase,Bankleitung;Software-Ingenieur,Verkaufsraum,Umgebung
22;Lehrperson;Schule;Arzt;Klinik,Praxis,Spital;Ärztin,Chefärztin,Leitende;Zahnarzt,Bilderrahmen,Nacht
23;Lehrperson;Schule;Rechtsanwalt;Anwaltskanzlei,Gericht;Rechtsanwältin,Jeannette,CH-2500;Ombudsmann,Partnerschaft,jedermann
24;Lehrperson;Schule;Student;Hochschule,Schule,Universität,Fachhochschule;Universität,Hochschule,Fachhochschule;wohnhaft,Berufswelt,Wear
25;Lehrperson;Schule;Gärtner;Garten,Gartenbau;Zierpflanzen,Baumschule,Landschaftsbau;Dachdecker,Freien,Produktionsbetrieb
26;Lehrperson;Schule;Projektleiter;Projekt;Projektierung,Projekte,Projektleitung;Wohnbauten,Kleingruppen,Verbesserungen
27;Lehrperson;Schule;Bauer;Bauernhof,Hof,Landwirtschaft;Lehmann,Daniela,Ulrike;Journalistenschule,urchiger,Kaspar
28;Lehrperson;Schule;Confiseur;Confiserie,Konditorei;Jeannette,Rüegsegger,GaFa;
29;Lehrperson;Schule;Pilot;Flughafen,Flugzeug,Flieger,Jet;Olivier,nordwandgroup.com,Philippe;gefeiert,Grafik,wunderbaren
30;Lehrperson;Schule;Software-Engineer;Büro,Office;Software-Architekt,Software-Ingenieur,Softwareentwickler;Software-Ingenieur,Projektingenieur,scientist
31;Arzt;Spital;Rechtsanwalt;Anwaltskanzlei,Gericht;Reisebüro,Alterszentrum,Call-Center;Ombudsmann,Möbelschreinerei,jedermann
32;Arzt;Spital;Student;Hochschule,Schule,Universität,Fachhochschule;Universität,Alterszentrum,Reisebüro;Benchmark,Vorschulbereich,bezug
33;Arzt;Spital;Gärtner;Garten,Gartenbau;Gärtner/in,Landschaftsbau,Garten-;Landschaftsgärtner,Logistikerinnen,Entwurf
34;Arzt;Spital;Projektleiter;Projekt;Planungsbüro,Dienstleistungsunternehmen,Architekturbüro;Entwurf,bezug,Fokus
35;Arzt;Spital;Bauer;Bauernhof,Hof,Landwirtschaft;7220,c/o,Aarau-West;Vorschulbereich,Bürobau,Kulinarische
36;Arzt;Spital;Confiseur;Confiserie,Konditorei;Pferdepflege,Textilpflege,Ibach;
37;Arzt;Spital;Pilot;Flughafen,Flugzeug,Flieger,Jet;Bommer,Heiniger,Jordi;verteilt,durchgeführt,Gelände
38;Arzt;Spital;Software-Engineer;Büro,Office;Software-Entwickler/in,Softwareentwickler/in,Planungsbüro;Software-Ingenieur,Webapplikationen,Systemanbieter
39;Rechtsanwalt;Anwaltskanzlei;Student;Hochschule,Schule,Universität,Fachhochschule;Absolvent,Beratungsgesellschaft,Aufsichtsbehörde;Karrierechance,Treuhand-,Hotelfachschule
40;Rechtsanwalt;Anwaltskanzlei;Gärtner;Garten,Gartenbau;Bauunternehmung,Gärtner/in,Institution;Hotelfachschule,Broschüre,Treuhand-
41;Rechtsanwalt;Anwaltskanzlei;Projektleiter;Projekt;Unternehmung,Unternehmensgruppe,Firma;Treuhand-,Projekt-,Marketing-
42;Rechtsanwalt;Anwaltskanzlei;Bauer;Bauernhof,Hof,Landwirtschaft;Tochtergesellschaft,Produktionsfirma,Georg;Fernsehen,Generationenfestival,Mercato
43;Rechtsanwalt;Anwaltskanzlei;Confiseur;Confiserie,Konditorei;Aufsichtsbehörde,Produktionsfirma,Werbeagentur;
44;Rechtsanwalt;Anwaltskanzlei;Pilot;Flughafen,Flugzeug,Flieger,Jet;Produktionsfirma,Grossküche,Systemumgebung;Treuhand-,Finanzinstitut,à-la-carte
45;Rechtsanwalt;Anwaltskanzlei;Software-Engineer;Büro,Office;Engineer,Hochsprache,Produktionsfirma;Software-Ingenieur,UNSER,Programmiersprachen
46;Student;Hochschule;Gärtner;Garten,Gartenbau;Gärtner/in,Garten-,Landschaftsbau;Fachhochschule,Schnuppertag,Universität
47;Student;Hochschule;Projektleiter;Projekt;Projektleiter/in,Projektierung,Ingenieurunternehmung;Fachhochschule,Masterarbeit,Weiterbildung
48;Student;Hochschule;Bauer;Bauernhof,Hof,Landwirtschaft;Miriam,Patrizia,Tanja;Journalistenschule,kotiert,ZHdK
49;Student;Hochschule;Confiseur;Confiserie,Konditorei;Bäcker,ZHAW,Konditor;
50;Student;Hochschule;Pilot;Flughafen,Flugzeug,Flieger,Jet;f.vinzens,workmanagement.ch,hays.ch;Fachhochschule,Masterarbeit,Liegenschaft
51;Student;Hochschule;Software-Engineer;Büro,Office;Entwickler/in,Softwareentwickler,Software-Entwickler/in;ZHdK,Künste,Software-Ingenieur
52;Gärtner;Garten;Projektleiter;Projekt;Vertrieb,Geschäftsbereich,Projektleitung;Prozessmanagement,BIGA-anerkannte,Projekterfahrung
53;Gärtner;Garten;Bauer;Bauernhof,Hof,Landwirtschaft;Baur,Davos,Ilanz;Weltmeister,Verschönerungs-,Ferienort
54;Gärtner;Garten;Confiseur;Confiserie,Konditorei;Café,Mitarbeiterhaus,Panorama;
55;Gärtner;Garten;Pilot;Flughafen,Flugzeug,Flieger,Jet;Mitarbeiterhaus,Rooms,Feusisberg;entspannt,Badezimmer,Geschichte
56;Gärtner;Garten;Software-Engineer;Büro,Office;Mitarbeiterhaus,Fachcentren,BAUHAUS-;Software-Ingenieur,BIGA-anerkannte,Bauschutt-Sortierung
57;Projektleiter;Projekt;Bauer;Bauernhof,Hof,Landwirtschaft;Isabel,Seehotel,Carmen;Medienhaus,Volk,Fernsehen
58;Projektleiter;Projekt;Confiseur;Confiserie,Konditorei;GaFa,HoFa,Hilfsköchin;
59;Projektleiter;Projekt;Pilot;Flughafen,Flugzeug,Flieger,Jet;Informationssystem,Change-Management,buergenstock.ch;Urteil,Museum,Austauschjahr
60;Projektleiter;Projekt;Software-Engineer;Büro,Office;Stack,Ref.Nr,Frontend;Software-Ingenieur,freiberuflichin,Stück
61;Bauer;Hof;Confiseur;Confiserie,Konditorei;Suites,Quellenhof,Spa;
62;Bauer;Hof;Pilot;Flughafen,Flugzeug,Flieger,Jet;Suites,Quellenhof,Spa;Strohlädeli,Draht,Lohnabrechnung
63;Bauer;Hof;Software-Engineer;Büro,Office;Suites,Quellenhof,Engineer;Software-Ingenieur,Deko-Artikel,Kauferlebnis
64;Confiseur;Confiserie;Pilot;Flughafen,Flugzeug,Flieger,Jet;GmbHCoiffeur/-euse,AGSpengler/in,AGDrucktechnologe/-login;
65;Confiseur;Confiserie;Software-Engineer;Büro,Office;Konditorei,AGInformatiker/in,Entwickler/in;
66;Pilot;Flughafen;Software-Engineer;Büro,Office;Paradeplatz,Stadtrand,Hauptbahnhof;Software-Ingenieur,Maschineneinrichter,Einsatzraum
